{"cameraMode":{"drawMode":0,"name":"Shaded","section":"Shading Mode"},"sceneLighting":true,"audioPlay":false,"sceneViewState":{"showFog":true,"showMaterialUpdate":false,"showSkybox":true,"showFlares":true,"showImageEffects":true,"showParticleSystems":true},"in2DMode":false,"pivot":{"x":-5.3007493019104,"y":13.585256576538086,"z":-11.83594799041748},"rotation":{"x":-0.4567239284515381,"y":0.001865709898993373,"z":-0.0009580213227309287,"w":-0.8896076083183289},"size":14.830857276916504,"orthographic":false}