{"cameraMode":{"drawMode":0,"name":"Shaded","section":"Shading Mode"},"sceneLighting":true,"audioPlay":false,"sceneViewState":{"showFog":true,"showMaterialUpdate":false,"showSkybox":true,"showFlares":true,"showImageEffects":true,"showParticleSystems":true},"in2DMode":false,"pivot":{"x":-7.388398170471191,"y":5.046853065490723,"z":3.8591067790985109},"rotation":{"x":-0.2067548781633377,"y":-0.5847173929214478,"z":0.1573089063167572,"w":-0.7685154676437378},"size":4.041658401489258,"orthographic":false}