{"cameraMode":{"drawMode":0,"name":"Shaded","section":"Shading Mode"},"sceneLighting":true,"audioPlay":false,"sceneViewState":{"showFog":true,"showMaterialUpdate":false,"showSkybox":true,"showFlares":true,"showImageEffects":true,"showParticleSystems":true},"in2DMode":false,"pivot":{"x":69.22606658935547,"y":-128.1915740966797,"z":90.0251693725586},"rotation":{"x":-0.3962843120098114,"y":-0.3099842071533203,"z":0.14416584372520448,"w":-0.8521113395690918},"size":184.458984375,"orthographic":false}