{"cameraMode":{"drawMode":0,"name":"Shaded","section":"Shading Mode"},"sceneLighting":true,"audioPlay":false,"sceneViewState":{"showFog":true,"showMaterialUpdate":false,"showSkybox":true,"showFlares":true,"showImageEffects":true,"showParticleSystems":true},"in2DMode":false,"pivot":{"x":535.6524658203125,"y":-13.943120002746582,"z":-34.97019958496094},"rotation":{"x":-0.3270176351070404,"y":-0.02919655852019787,"z":0.010112013667821885,"w":-0.9445189237594605},"size":812.2528076171875,"orthographic":false}