{"cameraMode":{"drawMode":0,"name":"Shaded","section":"Shading Mode"},"sceneLighting":true,"audioPlay":false,"sceneViewState":{"showFog":true,"showMaterialUpdate":false,"showSkybox":true,"showFlares":true,"showImageEffects":true,"showParticleSystems":true},"in2DMode":false,"pivot":{"x":-2.8330912590026857,"y":-53.861473083496097,"z":-16.29010772705078},"rotation":{"x":-0.5870147943496704,"y":-0.0024736691266298296,"z":0.001215284806676209,"w":-0.8096726536750794},"size":159.51992797851563,"orthographic":false}