{"cameraMode":{"drawMode":0,"name":"Shaded","section":"Shading Mode"},"sceneLighting":true,"audioPlay":false,"sceneViewState":{"showFog":true,"showMaterialUpdate":false,"showSkybox":true,"showFlares":true,"showImageEffects":true,"showParticleSystems":true},"in2DMode":false,"pivot":{"x":26.75,"y":2.9700002670288088,"z":-24.790000915527345},"rotation":{"x":-0.041341159492731097,"y":0.9580925703048706,"z":-0.21657654643058778,"w":-0.18297144770622254},"size":16.601289749145509,"orthographic":false}