{"cameraMode":{"drawMode":0,"name":"Shaded","section":"Shading Mode"},"sceneLighting":false,"audioPlay":false,"sceneViewState":{"showFog":true,"showMaterialUpdate":false,"showSkybox":false,"showFlares":true,"showImageEffects":true,"showParticleSystems":true},"in2DMode":false,"pivot":{"x":8.854642868041993,"y":1.9695861339569092,"z":-13.418959617614746},"rotation":{"x":0.15971969068050385,"y":0.7327626943588257,"z":-0.18423879146575929,"w":0.6353365182876587},"size":7.174569129943848,"orthographic":false}