{"cameraMode":{"drawMode":0,"name":"Shaded","section":"Shading Mode"},"sceneLighting":true,"audioPlay":false,"sceneViewState":{"showFog":true,"showMaterialUpdate":false,"showSkybox":true,"showFlares":true,"showImageEffects":true,"showParticleSystems":true},"in2DMode":false,"pivot":{"x":-12.42370891571045,"y":54.0622673034668,"z":-49.17753982543945},"rotation":{"x":0.4093424677848816,"y":-0.017799051478505136,"z":0.007974855601787568,"w":0.9121947884559631},"size":31.28621482849121,"orthographic":false}